,epoch,p,r,f1
AS,86,0.7320754716981132,0.7749667110519307,0.7529107373868046
TS,46,0.7034482758620689,0.7409200968523002,0.7216981132075473
TA,88,0.6680896478121665,0.7313084112149533,0.6982710540992749
A,79,0.8217562254259502,0.8438761776581427,0.8326693227091634
T,90,0.7558790593505039,0.8333333333333334,0.7927187316500294
TAS,61,0.6147278548559232,0.670547147846333,0.6414253897550112
