,epoch,p,r,f1
AS,56,0.7262569832402235,0.6590621039290241,0.6910299003322259
TS,94,0.6688829787234043,0.6432225063938619,0.6558018252933507
TA,94,0.6423076923076924,0.5950118764845606,0.6177558569667078
A,62,0.7837837837837838,0.7483870967741936,0.7656765676567656
T,98,0.7182741116751269,0.7437582128777924,0.7307940606843124
TAS,56,0.5836431226765799,0.557396449704142,0.5702179176755447
