,epoch,p,r,f1
AS,95,0.6965098634294385,0.5817490494296578,0.6339779005524862
TS,98,0.5697211155378487,0.5485933503836317,0.558957654723127
TA,99,0.5856115107913669,0.4833729216152019,0.5296031229668184
A,91,0.8148148148148148,0.6529032258064517,0.7249283667621776
T,98,0.6616847826086957,0.6399474375821288,0.6506346025384102
TAS,99,0.5241477272727273,0.4366863905325444,0.47643641058747577
