,epoch,p,r,f1
AS,72,0.7676923076923077,0.632446134347275,0.6935371785962474
TS,42,0.6204287515762925,0.629156010230179,0.6247619047619046
TA,41,0.610909090909091,0.5985748218527316,0.6046790641871624
A,41,0.8188405797101449,0.7290322580645161,0.7713310580204776
T,98,0.7131367292225201,0.6990801576872536,0.7060384870603849
TAS,72,0.5868421052631579,0.527810650887574,0.5557632398753896
