,epoch,p,r,f1
AS,37,0.7302052785923754,0.6311787072243346,0.6770904146838884
TS,52,0.6570644718792867,0.612531969309463,0.6340172071475844
TA,49,0.6377005347593583,0.5665083135391924,0.6
A,95,0.8105263157894737,0.6954838709677419,0.7486111111111111
T,95,0.7385257301808067,0.6977660972404731,0.7175675675675676
TAS,49,0.5727272727272728,0.5218934911242603,0.5461300309597523
