,epoch,p,r,f1
AS,46,0.6630769230769231,0.5462610899873257,0.5990271021542738
TS,46,0.6150506512301013,0.5434782608695652,0.5770536320434487
TA,46,0.6022727272727273,0.503562945368171,0.5485122897800775
A,49,0.7620528771384136,0.632258064516129,0.6911142454160789
T,46,0.7251908396946565,0.6241787122207622,0.67090395480226
TAS,46,0.5245231607629428,0.4556213017751479,0.4876504116529449
