,epoch,p,r,f1
AS,71,0.7183673469387755,0.6692015209125475,0.6929133858267716
TS,91,0.65,0.6649616368286445,0.6573957016434893
TA,57,0.6202686202686203,0.6033254156769596,0.6116797110174594
A,22,0.7560355781448539,0.7677419354838709,0.761843790012804
T,73,0.7566844919786097,0.7437582128777924,0.7501656726308814
TAS,57,0.5591016548463357,0.5597633136094674,0.5594322885866352
