,epoch,p,r,f1
AS,98,0.6955266955266955,0.6108998732572877,0.650472334682861
TS,98,0.600263852242744,0.5818414322250639,0.5909090909090909
TA,99,0.6075268817204301,0.5368171021377672,0.5699873896595208
A,98,0.815267175572519,0.6890322580645162,0.7468531468531469
T,98,0.6901217861975643,0.6701708278580815,0.68
TAS,98,0.5274584929757343,0.4887573964497041,0.5073710073710073
