,epoch,p,r,f1
AS,87,0.6511936339522546,0.6223067173637515,0.6364225534672715
TS,90,0.5866336633663366,0.6061381074168798,0.5962264150943396
TA,63,0.5727810650887574,0.5748218527315915,0.5737996443390634
A,89,0.7721518987341772,0.7083870967741935,0.7388963660834456
T,90,0.6918075422626788,0.6990801576872536,0.6954248366013072
TAS,90,0.4912689173457509,0.49940828402366866,0.4953051643192488
