,epoch,p,r,f1
AS,45,0.6781789638932496,0.5475285171102662,0.6058906030855541
TS,49,0.45588235294117646,0.3567774936061381,0.4002869440459111
TA,49,0.4177215189873418,0.31353919239904987,0.3582089552238806
A,42,0.7943615257048093,0.6180645161290322,0.695210449927431
T,42,0.4896449704142012,0.43495400788436267,0.46068197633959634
TAS,49,0.375,0.28402366863905326,0.32323232323232326
