,epoch,p,r,f1
AS,47,0.6691729323308271,0.5640050697084917,0.6121045392022008
TS,44,0.6187050359712231,0.5498721227621484,0.5822613405551795
TA,39,0.5421383647798742,0.5118764845605701,0.5265729993891266
A,50,0.7426900584795322,0.655483870967742,0.6963673749143249
T,39,0.6788732394366197,0.633377135348226,0.6553365057783821
TAS,42,0.531437125748503,0.42011834319526625,0.4692663582286847
