,epoch,p,r,f1
AS,97,0.7289256198347107,0.55893536121673,0.6327116212338594
TS,87,0.6169590643274854,0.5396419437340153,0.5757162346521146
TA,96,0.5966850828729282,0.5130641330166271,0.5517241379310345
A,100,0.8156606851549756,0.6451612903225806,0.7204610951008645
T,96,0.7005813953488372,0.633377135348226,0.6652864044168393
TAS,87,0.5364145658263305,0.4532544378698225,0.49134060295060933
