,epoch,p,r,f1
AS,74,0.7415881561238223,0.7336884154460719,0.7376171352074967
TS,78,0.6957547169811321,0.7142857142857143,0.7048984468339308
TA,94,0.7043795620437956,0.6764018691588785,0.6901072705601906
A,74,0.8387096774193549,0.8048452220726783,0.8214285714285714
T,76,0.7776442307692307,0.7987654320987654,0.7880633373934227
TAS,80,0.6274285714285714,0.6391152502910361,0.6332179930795848
