,epoch,p,r,f1
AS,91,0.7040358744394619,0.596958174904943,0.6460905349794239
TS,91,0.6227208976157083,0.5677749360613811,0.5939799331103678
TA,91,0.6087551299589603,0.5285035629453682,0.5657978385251112
A,78,0.8110599078341014,0.6812903225806451,0.7405329593267883
T,92,0.7084507042253522,0.6609724047306176,0.6838885112168592
TAS,91,0.536096256684492,0.47455621301775147,0.5034526051475204
