,epoch,p,r,f1
AS,37,0.7219451371571073,0.7709720372836218,0.7456535737282679
TS,96,0.6957547169811321,0.7142857142857143,0.7048984468339308
TA,96,0.6931034482758621,0.7044392523364486,0.6987253765932793
A,58,0.8305785123966942,0.8115746971736204,0.8209666439754935
T,96,0.7793939393939394,0.7938271604938272,0.7865443425076453
TAS,89,0.6421800947867299,0.6309662398137369,0.6365237815619496
