,epoch,p,r,f1
AS,57,0.7669491525423728,0.7230359520639148,0.7443454420836191
TS,98,0.6968272620446534,0.7179176755447942,0.7072152653548004
TA,98,0.6935300794551645,0.7137850467289719,0.7035118019573977
A,64,0.8173333333333334,0.8250336473755047,0.8211654387139986
T,98,0.7733812949640287,0.7962962962962963,0.7846715328467153
TAS,97,0.6538461538461539,0.6332945285215367,0.6434062684801892
