,epoch,p,r,f1
AS,84,0.696969696969697,0.5830164765525983,0.634920634920635
TS,80,0.5895020188425303,0.5601023017902813,0.5744262295081968
TA,84,0.6178861788617886,0.5415676959619953,0.5772151898734178
A,97,0.7836676217765043,0.7058064516129032,0.7427019687712153
T,84,0.7112068965517241,0.6504599211563732,0.6794783802333562
TAS,84,0.5312084993359893,0.47337278106508873,0.5006257822277846
