,epoch,p,r,f1
AS,54,0.7585733882030178,0.7363515312916112,0.7472972972972972
TS,58,0.7104294478527607,0.7009685230024213,0.7056672760511883
TA,66,0.7002427184466019,0.6740654205607477,0.6869047619047618
A,91,0.8489208633093526,0.7940780619111709,0.8205841446453408
T,66,0.7857142857142857,0.7604938271604939,0.7728983688833124
TAS,66,0.6420047732696897,0.6263096623981373,0.6340601060695344
