,epoch,p,r,f1
AS,83,0.7012195121951219,0.5830164765525983,0.6366782006920415
TS,69,0.6257225433526011,0.5537084398976982,0.587516960651289
TA,83,0.6207366984993179,0.5403800475059383,0.5777777777777778
A,83,0.8289902280130294,0.6567741935483871,0.7329013678905687
T,73,0.7152974504249292,0.6636005256241787,0.6884798909338786
TAS,77,0.519496855345912,0.4887573964497041,0.5036585365853657
