,epoch,p,r,f1
AS,84,0.7432795698924731,0.7363515312916112,0.7397993311036789
TS,52,0.6662921348314607,0.7179176755447942,0.6911421911421912
TA,84,0.6933019976498237,0.6892523364485982,0.6912712360867018
A,84,0.842031029619182,0.8034993270524899,0.8223140495867769
T,73,0.762545899632803,0.7691358024691358,0.7658266748617087
TAS,84,0.6296296296296297,0.6332945285215367,0.6314567614625652
