,epoch,p,r,f1
AS,91,0.6810344827586207,0.6007604562737643,0.6383838383838384
TS,97,0.5964912280701754,0.5652173913043478,0.5804333552199605
TA,100,0.6089828269484808,0.5475059382422803,0.5766103814884302
A,95,0.8152173913043478,0.6774193548387096,0.7399577167019028
T,100,0.71045197740113,0.6609724047306176,0.6848196051735874
TAS,84,0.54,0.47928994082840237,0.5078369905956114
