,epoch,p,r,f1
AS,81,0.7110091743119266,0.5893536121673004,0.6444906444906445
TS,75,0.6201859229747676,0.5971867007672634,0.6084690553745928
TA,75,0.6067270375161707,0.5570071258907363,0.5808049535603715
A,63,0.7777777777777778,0.704516129032258,0.7393364928909953
T,99,0.7058029689608637,0.6872536136662286,0.6964047936085219
TAS,75,0.5435897435897435,0.5017751479289941,0.5218461538461538
