,epoch,p,r,f1
AS,54,0.7674750356633381,0.7163781624500666,0.7410468319559228
TS,84,0.6813953488372093,0.7094430992736077,0.6951364175563464
TA,73,0.672645739910314,0.7009345794392523,0.6864988558352403
A,73,0.8232044198895028,0.8021534320323015,0.8125426039536469
T,73,0.7582938388625592,0.7901234567901234,0.7738814993954051
TAS,54,0.6388557806912991,0.6239813736903376,0.6313309776207302
