,epoch,p,r,f1
AS,42,0.7172932330827068,0.6045627376425855,0.6561210453920219
TS,43,0.6264705882352941,0.5447570332480819,0.5827633378932969
TA,42,0.6065789473684211,0.5475059382422803,0.575530586766542
A,42,0.8407643312101911,0.6812903225806451,0.7526728439059158
T,44,0.6854838709677419,0.6701708278580815,0.6777408637873754
TAS,43,0.5575842696629213,0.46982248520710057,0.5099550417469493
