,epoch,p,r,f1
AS,81,0.6497829232995659,0.5690747782002535,0.6067567567567568
TS,98,0.6060606060606061,0.5370843989769821,0.5694915254237288
TA,95,0.5967261904761905,0.47624703087885983,0.5297225891677676
A,81,0.7777777777777778,0.632258064516129,0.697508896797153
T,84,0.6805555555555556,0.6438896189224704,0.6617150573936529
TAS,98,0.5137741046831956,0.4414201183431953,0.47485677912157864
