,epoch,p,r,f1
AS,97,0.7322175732217573,0.6990679094540613,0.7152588555858311
TS,92,0.6773049645390071,0.6937046004842615,0.6854066985645934
TA,92,0.6752037252619325,0.677570093457944,0.6763848396501458
A,89,0.8005284015852048,0.8156123822341858,0.808
T,96,0.7503030303030302,0.7641975308641975,0.7571865443425075
TAS,97,0.616822429906542,0.6146682188591386,0.6157434402332361
