,epoch,p,r,f1
AS,50,0.6682615629984051,0.5310519645120405,0.5918079096045198
TS,36,0.5798319327731093,0.5294117647058824,0.553475935828877
TA,47,0.6085672082717873,0.48931116389548696,0.5424621461487822
A,47,0.8143607705779334,0.6,0.6909361069836553
T,47,0.714064914992272,0.607095926412615,0.65625
TAS,49,0.5293255131964809,0.4272189349112426,0.472822527832351
