,epoch,p,r,f1
AS,49,0.6465753424657534,0.5982256020278834,0.6214614878209349
TS,49,0.5745501285347043,0.571611253196931,0.573076923076923
TA,49,0.5540540540540541,0.5356294536817102,0.5446859903381643
A,49,0.7771084337349398,0.6658064516129032,0.7171646977067407
T,43,0.6702127659574468,0.6622864651773982,0.6662260409781892
TAS,49,0.46781609195402296,0.4816568047337278,0.4746355685131195
