,epoch,p,r,f1
AS,64,0.7386666666666667,0.7376830892143809,0.7381745502998002
TS,96,0.6931540342298288,0.6864406779661016,0.6897810218978102
TA,96,0.6738351254480287,0.6588785046728972,0.6662728883638512
A,73,0.8132450331125828,0.8263795423956931,0.8197596795727636
T,58,0.738728323699422,0.7888888888888889,0.7629850746268657
TAS,96,0.6183745583038869,0.6111757857974389,0.6147540983606558
