,epoch,p,r,f1
AS,92,0.6756756756756757,0.6020278833967047,0.6367292225201073
TS,81,0.5850515463917526,0.5805626598465473,0.582798459563543
TA,80,0.6150740242261103,0.5427553444180523,0.5766561514195584
A,71,0.8140625,0.672258064516129,0.7363957597173145
T,80,0.7107093184979137,0.671484888304862,0.6905405405405406
TAS,92,0.5154894671623296,0.49230769230769234,0.5036319612590799
