,epoch,p,r,f1
AS,71,0.7590361445783133,0.7549933422103862,0.7570093457943925
TS,51,0.7245145631067961,0.7227602905569007,0.7236363636363635
TA,92,0.7163289630512515,0.7021028037383178,0.7091445427728614
A,92,0.8526466380543634,0.8021534320323015,0.8266296809986131
T,93,0.7936117936117936,0.7975308641975308,0.7955665024630542
TAS,95,0.6571428571428571,0.6426076833527358,0.6497939964685109
