,epoch,p,r,f1
AS,38,0.7748148148148148,0.6964047936085219,0.7335203366058907
TS,94,0.6896135265700483,0.6912832929782082,0.6904474002418379
TA,94,0.682033096926714,0.6740654205607477,0.6780258519388955
A,86,0.8091397849462365,0.8102288021534321,0.8096839273705447
T,94,0.7624378109452736,0.7567901234567901,0.7596034696406443
TAS,94,0.6222479721900348,0.6251455180442375,0.6236933797909407
