,epoch,p,r,f1
AS,44,0.7490247074122237,0.7669773635153129,0.7578947368421053
TS,52,0.7002398081534772,0.7070217917675545,0.7036144578313254
TA,87,0.6670467502850627,0.6834112149532711,0.6751298326601269
A,87,0.8237650200267023,0.8304172274562585,0.827077747989276
T,100,0.759478672985782,0.7913580246913581,0.7750906892382105
TAS,99,0.6350540216086434,0.6158323632130385,0.6252955082742316
