,epoch,p,r,f1
AS,74,0.7479452054794521,0.7270306258322237,0.737339635381499
TS,93,0.69185360094451,0.7094430992736077,0.7005379557680813
TA,98,0.7113772455089821,0.6939252336448598,0.7025428740390303
A,59,0.8366197183098592,0.7994616419919246,0.8176187198898829
T,93,0.7673860911270983,0.7901234567901234,0.778588807785888
TAS,98,0.6446280991735537,0.6356228172293364,0.6400937866354045
