,epoch,p,r,f1
AS,87,0.6657718120805369,0.6286438529784537,0.6466753585397653
TS,68,0.6093333333333333,0.5843989769820972,0.5966057441253264
TA,84,0.6180081855388813,0.5380047505938242,0.5752380952380951
A,99,0.8033033033033034,0.6903225806451613,0.7425399028452464
T,99,0.6904441453566622,0.6741130091984231,0.6821808510638298
TAS,84,0.5361930294906166,0.47337278106508873,0.502828409805154
