,epoch,p,r,f1
AS,97,0.7589424572317263,0.6498002663115846,0.7001434720229557
TS,92,0.6964520367936925,0.6416464891041163,0.6679269061121613
TA,92,0.6892583120204604,0.6296728971962616,0.6581196581196581
A,91,0.7956104252400549,0.7806191117092867,0.7880434782608696
T,63,0.7397590361445783,0.7580246913580246,0.7487804878048779
TAS,92,0.6224747474747475,0.5739231664726426,0.597213809812235
