,epoch,p,r,f1
AS,98,0.7207488299531981,0.5855513307984791,0.6461538461538462
TS,94,0.6114130434782609,0.5754475703324808,0.5928853754940712
TA,100,0.5791457286432161,0.5475059382422803,0.5628815628815629
A,83,0.7856093979441997,0.6903225806451613,0.7348901098901099
T,94,0.7027777777777777,0.6649145860709592,0.6833220796758946
TAS,98,0.5398351648351648,0.4650887573964497,0.49968213604577244
