,epoch,p,r,f1
AS,48,0.6609271523178808,0.632446134347275,0.6463730569948186
TS,70,0.6256906077348067,0.5792838874680307,0.601593625498008
TA,70,0.6191135734072022,0.5308788598574822,0.571611253196931
A,61,0.7861271676300579,0.7019354838709677,0.7416496250852079
T,70,0.709585121602289,0.6517739816031537,0.6794520547945205
TAS,70,0.5519568151147098,0.4840236686390533,0.5157629255989912
