,epoch,p,r,f1
AS,61,0.7466124661246613,0.7336884154460719,0.7400940228341168
TS,96,0.7089820359281437,0.7167070217917676,0.7128236002408188
TA,90,0.6925714285714286,0.7079439252336449,0.7001733102253033
A,61,0.8435277382645804,0.7981157469717362,0.8201936376210235
T,44,0.7715976331360946,0.8049382716049382,0.7879154078549848
TAS,96,0.6340621403912543,0.6414435389988359,0.6377314814814814
