,epoch,p,r,f1
AS,38,0.6457461645746164,0.5868187579214195,0.6148738379814076
TS,38,0.5855263157894737,0.5690537084398977,0.5771725032425421
TA,38,0.5772669220945083,0.5368171021377672,0.5563076923076924
A,37,0.7897990726429676,0.6593548387096774,0.7187060478199718
T,38,0.7016574585635359,0.6675427069645203,0.6841750841750841
TAS,38,0.4956736711990111,0.47455621301775147,0.4848851269649335
