,epoch,p,r,f1
AS,62,0.8080357142857143,0.7230359520639148,0.7631763879128601
TS,93,0.6899766899766899,0.7167070217917676,0.7030878859857482
TA,81,0.691415313225058,0.6962616822429907,0.6938300349243306
A,62,0.8807339449541285,0.775235531628533,0.8246241947029348
T,81,0.7813267813267813,0.7851851851851852,0.7832512315270936
TAS,62,0.65875,0.6135040745052387,0.6353224834237492
