,epoch,p,r,f1
AS,93,0.7361516034985423,0.6400506970849176,0.6847457627118644
TS,100,0.6780354706684857,0.6355498721227621,0.6561056105610561
TA,100,0.6480519480519481,0.5926365795724465,0.6191066997518611
A,19,0.8406940063091483,0.687741935483871,0.7565649396735273
T,88,0.7285531370038413,0.7477003942181341,0.7380025940337226
TAS,100,0.5923566878980892,0.5502958579881657,0.5705521472392638
