,epoch,p,r,f1
AS,76,0.7395833333333334,0.6617842876165113,0.6985242445537596
TS,64,0.7183833116036505,0.6670702179176755,0.6917765222849969
TA,64,0.6959798994974874,0.647196261682243,0.6707021791767555
A,76,0.837386018237082,0.7415881561238223,0.7865810135617416
T,64,0.794392523364486,0.7345679012345679,0.7633098139833228
TAS,64,0.630407911001236,0.5937136204889406,0.6115107913669066
