,epoch,p,r,f1
AS,78,0.7785613540197461,0.7350199733688415,0.7561643835616438
TS,76,0.7073170731707317,0.7021791767554479,0.7047387606318347
TA,78,0.7110036275695284,0.6869158878504673,0.6987522281639929
A,78,0.8691176470588236,0.7954239569313594,0.8306394940267041
T,97,0.766109785202864,0.7925925925925926,0.779126213592233
TAS,78,0.6433649289099526,0.6321303841676368,0.6376981796829124
