,epoch,p,r,f1
AS,85,0.6996805111821086,0.5551330798479087,0.6190812720848056
TS,75,0.582995951417004,0.5524296675191815,0.5673013788575181
TA,79,0.613603473227207,0.503562945368171,0.5531637312459231
A,83,0.7959183673469388,0.6541935483870968,0.7181303116147308
T,75,0.6797202797202797,0.6386333771353482,0.6585365853658537
TAS,79,0.5449358059914408,0.45207100591715976,0.49417852522639066
