,epoch,p,r,f1
AS,84,0.6188055908513341,0.6172370088719898,0.6180203045685279
TS,95,0.5847880299251871,0.5997442455242967,0.5921717171717172
TA,94,0.5739130434782609,0.5486935866983373,0.5610200364298725
A,80,0.7220779220779221,0.7174193548387097,0.7197411003236247
T,54,0.6907477820025348,0.7161629434954008,0.7032258064516129
TAS,95,0.48056537102473496,0.48284023668639053,0.48170011806375446
