,epoch,p,r,f1
AS,46,0.6819620253164557,0.5462610899873257,0.6066150598170301
TS,47,0.3744493392070485,0.32608695652173914,0.34859876965140124
TA,47,0.319672131147541,0.27790973871733965,0.2973316391359593
A,47,0.7736757624398074,0.6219354838709678,0.6895565092989986
T,47,0.43425076452599387,0.3731931668856767,0.4014134275618374
TAS,47,0.27925531914893614,0.2485207100591716,0.2629931120851597
