,epoch,p,r,f1
AS,100,0.7311688311688311,0.7496671105193076,0.740302432610125
TS,78,0.6874236874236874,0.6815980629539952,0.6844984802431611
TA,76,0.6750861079219288,0.6869158878504673,0.6809496236247828
A,89,0.8470254957507082,0.8048452220726783,0.8253968253968252
T,76,0.750920245398773,0.7555555555555555,0.7532307692307691
TAS,99,0.6181606519208381,0.6181606519208381,0.6181606519208381
