,epoch,p,r,f1
AS,67,0.7067371202113606,0.6780735107731305,0.6921086675291073
TS,69,0.6594936708860759,0.6662404092071611,0.6628498727735368
TA,70,0.6451204055766794,0.6045130641330166,0.6241569589209074
A,69,0.7922971114167813,0.743225806451613,0.7669773635153129
T,69,0.7279894875164258,0.7279894875164258,0.7279894875164258
TAS,70,0.5851851851851851,0.5609467455621302,0.5728096676737161
