,epoch,p,r,f1
AS,46,0.743046357615894,0.7470039946737683,0.7450199203187251
TS,46,0.6960667461263409,0.7070217917675545,0.7015015015015015
TA,46,0.6865497076023391,0.6857476635514018,0.6861484511981297
A,50,0.82171581769437,0.8250336473755047,0.8233713901947616
T,56,0.7612121212121212,0.7753086419753087,0.7681957186544343
TAS,58,0.6281464530892449,0.6391152502910361,0.6335833814195037
