,epoch,p,r,f1
AS,92,0.5917085427135679,0.596958174904943,0.5943217665615143
TS,100,0.5678866587957497,0.6150895140664961,0.5905463474524247
TA,97,0.5630952380952381,0.5617577197149644,0.5624256837098692
A,100,0.7194630872483222,0.6916129032258065,0.7052631578947368
T,100,0.6939820742637645,0.7122207621550591,0.7029831387808042
TAS,100,0.4559139784946237,0.5017751479289941,0.47774647887323946
