,epoch,p,r,f1
AS,98,0.7142857142857143,0.5893536121673004,0.6458333333333333
TS,77,0.6444759206798867,0.5818414322250639,0.6115591397849462
TA,100,0.6056701030927835,0.5581947743467933,0.5809641532756489
A,62,0.8137715179968701,0.6709677419354839,0.7355021216407355
T,100,0.7113543091655267,0.683311432325887,0.6970509383378016
TAS,96,0.5630252100840336,0.4757396449704142,0.5157152020525979
