,epoch,p,r,f1
AS,88,0.7262658227848101,0.5817490494296578,0.6460239268121042
TS,78,0.6047979797979798,0.612531969309463,0.6086404066073697
TA,74,0.6120689655172413,0.5902612826603325,0.6009673518742442
A,80,0.8023774145616642,0.6967741935483871,0.7458563535911602
T,78,0.7139107611548556,0.7148488830486203,0.7143795141168746
TAS,74,0.5134189031505251,0.5207100591715976,0.5170387779083431
