,epoch,p,r,f1
AS,81,0.7551867219917012,0.7270306258322237,0.7408412483039348
TS,89,0.70125,0.6791767554479419,0.6900369003690038
TA,95,0.6992840095465394,0.6845794392523364,0.6918536009445101
A,82,0.8328729281767956,0.8115746971736204,0.8220858895705522
T,95,0.78,0.7703703703703704,0.7751552795031056
TAS,89,0.6413043478260869,0.6181606519208381,0.6295198577356252
