,epoch,p,r,f1
AS,89,0.7515060240963856,0.632446134347275,0.6868547832071575
TS,72,0.6168674698795181,0.6547314578005116,0.6352357320099257
TA,53,0.6325224071702945,0.5866983372921615,0.6087492298213185
A,76,0.804005722460658,0.7251612903225807,0.7625508819538671
T,72,0.707196029776675,0.7490144546649146,0.7275047862156988
TAS,89,0.5954907161803713,0.5313609467455621,0.5616010006253908
