,epoch,p,r,f1
AS,52,0.6851612903225807,0.6730038022813688,0.6790281329923273
TS,42,0.6196531791907515,0.6854219948849105,0.6508803885853067
TA,50,0.5767918088737202,0.6021377672209026,0.5891923300406741
A,36,0.7658998646820027,0.7303225806451613,0.7476882430647291
T,42,0.7064555420219245,0.7621550591327201,0.7332490518331226
TAS,52,0.52423900789177,0.5502958579881657,0.5369515011547344
