,epoch,p,r,f1
AS,105,0.7261410788381742,0.6653992395437263,0.6944444444444445
TS,73,0.65375,0.6687979539641944,0.661188369152971
TA,92,0.6481958762886598,0.5973871733966746,0.6217552533992583
A,171,0.7908232118758435,0.7561290322580645,0.7730870712401056
T,73,0.7377260981912145,0.7503285151116952,0.743973941368078
TAS,100,0.5805658056580566,0.5585798816568047,0.5693606755126659
