,epoch,p,r,f1
AS,39,0.7284991568296796,0.5475285171102662,0.6251808972503619
TS,43,0.5438108484005564,0.5,0.5209860093271153
TA,47,0.533625730994152,0.4334916864608076,0.4783748361730013
A,43,0.8180242634315424,0.6090322580645161,0.6982248520710058
T,43,0.6225071225071225,0.5742444152431012,0.5974025974025974
TAS,47,0.4699140401146132,0.3881656804733728,0.42514581983149713
