,epoch,p,r,f1
AS,73,0.7352941176470589,0.7656458055925432,0.7501630789302023
TS,71,0.7029702970297029,0.7736077481840193,0.736599423631124
TA,88,0.7224199288256228,0.7114485981308412,0.7168922895821072
A,95,0.8153446033810143,0.8438761776581427,0.8293650793650794
T,71,0.7874564459930313,0.837037037037037,0.8114901256732495
TAS,71,0.6188524590163934,0.7031431897555297,0.6583106267029972
