,epoch,p,r,f1
AS,69,0.6881118881118881,0.623574144486692,0.6542553191489361
TS,94,0.565947242206235,0.6035805626598465,0.5841584158415841
TA,94,0.5795053003533569,0.5843230403800475,0.5819041986989948
A,91,0.8033033033033034,0.6903225806451613,0.7425399028452464
T,94,0.6738578680203046,0.6977660972404731,0.685603615235636
TAS,94,0.5,0.5195266272189349,0.5095763203714452
