,epoch,p,r,f1
AS,66,0.6990920881971465,0.6831432192648923,0.691025641025641
TS,69,0.6494325346784363,0.6585677749360613,0.653968253968254
TA,69,0.6305125148986889,0.6282660332541568,0.6293872694824508
A,60,0.8141210374639769,0.7290322580645161,0.7692307692307692
T,69,0.7385019710906702,0.7385019710906702,0.7385019710906702
TAS,51,0.5844806007509387,0.5526627218934911,0.5681265206812651
