,epoch,p,r,f1
AS,82,0.7555555555555555,0.6790945406125166,0.7152875175315567
TS,57,0.6835443037974683,0.6537530266343826,0.6683168316831684
TA,77,0.6916129032258065,0.6261682242990654,0.6572654812998161
A,75,0.8311111111111111,0.7550471063257066,0.7912552891396333
T,86,0.7545219638242894,0.7209876543209877,0.7373737373737375
TAS,77,0.6296296296296297,0.5739231664726426,0.6004872107186358
