,epoch,p,r,f1
AS,53,0.7649456521739131,0.7496671105193076,0.7572293207800942
TS,95,0.6757075471698113,0.6937046004842615,0.6845878136200716
TA,53,0.6988235294117647,0.6939252336448598,0.6963657678780774
A,53,0.8581661891117478,0.8061911170928667,0.8313671061762664
T,98,0.7470588235294118,0.7839506172839507,0.7650602409638556
TAS,53,0.6306098964326813,0.6379511059371362,0.6342592592592593
