,epoch,p,r,f1
AS,40,0.7213930348258707,0.7723035952063915,0.7459807073954983
TS,36,0.6871628910463862,0.7711864406779662,0.7267541357672561
TA,50,0.672286617492097,0.7453271028037384,0.7069252077562327
A,81,0.8468085106382979,0.8034993270524899,0.824585635359116
T,98,0.7751141552511416,0.8382716049382716,0.8054567022538552
TAS,40,0.6140167364016736,0.6833527357392316,0.646831955922865
