,epoch,p,r,f1
AS,63,0.7239819004524887,0.6083650190114068,0.6611570247933884
TS,77,0.6115906288532675,0.6342710997442456,0.6227244193345889
TA,77,0.5874125874125874,0.5985748218527316,0.5929411764705883
A,92,0.7743732590529248,0.7174193548387097,0.7448091091761554
T,77,0.7029449423815621,0.721419185282523,0.7120622568093384
TAS,77,0.5229885057471264,0.5384615384615384,0.5306122448979591
