,epoch,p,r,f1
AS,81,0.7476255088195387,0.7336884154460719,0.7405913978494625
TS,95,0.6990632318501171,0.7227602905569007,0.7107142857142857
TA,95,0.6870748299319728,0.7079439252336449,0.6973532796317606
A,53,0.8092105263157895,0.8277254374158816,0.8183632734530938
T,95,0.7728365384615384,0.7938271604938272,0.7831912302070645
TAS,95,0.6290502793296089,0.6554132712456344,0.6419612314709235
