,epoch,p,r,f1
AS,16,0.7080645161290322,0.5564005069708492,0.623136976579134
TS,60,0.588380716934487,0.6086956521739131,0.5983658076681333
TA,86,0.5778045838359469,0.5688836104513064,0.5733093955715141
A,39,0.7160804020100503,0.7354838709677419,0.7256524506683641
T,60,0.7126137841352406,0.7201051248357424,0.7163398692810458
TAS,74,0.5057179161372299,0.4710059171597633,0.4877450980392157
