,epoch,p,r,f1
AS,98,0.7893217893217893,0.7283621837549934,0.757617728531856
TS,96,0.7319201995012469,0.7106537530266344,0.721130221130221
TA,98,0.7130434782608696,0.6705607476635514,0.6911499096929561
A,81,0.8267394270122783,0.8156123822341858,0.8211382113821137
T,84,0.7745098039215687,0.7802469135802469,0.7773677736777367
TAS,98,0.6707768187422934,0.6332945285215367,0.651497005988024
