,epoch,p,r,f1
AS,44,0.6515580736543909,0.5830164765525983,0.6153846153846154
TS,61,0.5991902834008097,0.5677749360613811,0.583059750492449
TA,75,0.5740291262135923,0.5617577197149644,0.567827130852341
A,73,0.7560975609756098,0.68,0.7160326086956522
T,80,0.6907730673316709,0.7279894875164258,0.708893154190659
TAS,44,0.49746192893401014,0.463905325443787,0.4800979791794244
