,epoch,p,r,f1
AS,43,0.7054908485856906,0.5373891001267427,0.6100719424460431
TS,93,0.6152716593245228,0.5358056265984654,0.5727956254272043
TA,93,0.6065808297567954,0.503562945368171,0.5502920181700195
A,93,0.8186440677966101,0.6232258064516129,0.7076923076923077
T,80,0.6846254927726675,0.6846254927726675,0.6846254927726675
TAS,93,0.5274261603375527,0.4437869822485207,0.48200514138817474
