,epoch,p,r,f1
AS,98,0.674884437596302,0.5551330798479087,0.6091794158553547
TS,78,0.5494636471990465,0.5895140664961637,0.5687847008019741
TA,78,0.5294117647058824,0.5558194774346793,0.5422943221320974
A,79,0.7536231884057971,0.6709677419354839,0.7098976109215016
T,78,0.6721518987341772,0.6977660972404731,0.6847195357833656
TAS,98,0.4914134742404227,0.44023668639053254,0.4644194756554307
