,epoch,p,r,f1
AS,18,0.711890243902439,0.5918884664131813,0.6463667820069203
TS,40,0.6144736842105263,0.5971867007672634,0.6057068741893643
TA,63,0.6141732283464567,0.5558194774346793,0.5835411471321696
A,31,0.7963525835866262,0.6761290322580645,0.7313328681088627
T,62,0.7152496626180836,0.6964520367936925,0.7057256990679094
TAS,40,0.5296296296296297,0.5076923076923077,0.518429003021148
