,epoch,p,r,f1
AS,89,0.6797101449275362,0.5944233206590621,0.6342123056119
TS,96,0.5714285714285714,0.5933503836317136,0.5821831869510665
TA,96,0.5733333333333334,0.5617577197149644,0.5674865026994601
A,70,0.7777777777777778,0.7135483870967742,0.7442799461641992
T,66,0.6770963704630788,0.7109067017082786,0.6935897435897436
TAS,89,0.5194300518134715,0.47455621301775147,0.49598021026592454
