,epoch,p,r,f1
AS,79,0.7300319488817891,0.5792141951837769,0.6459363957597173
TS,80,0.5941255006675568,0.5690537084398977,0.581319399085565
TA,87,0.57375,0.5451306413301663,0.559074299634592
A,87,0.8109756097560976,0.6864516129032258,0.7435359888190075
T,87,0.6706036745406824,0.671484888304862,0.6710439921208141
TAS,82,0.5342465753424658,0.46153846153846156,0.49523809523809526
