,epoch,p,r,f1
AS,96,0.7295774647887324,0.6565272496831432,0.6911274182788526
TS,96,0.6618037135278515,0.6381074168797954,0.6497395833333334
TA,99,0.6240506329113924,0.5855106888361045,0.6041666666666666
A,63,0.8238805970149253,0.712258064516129,0.7640138408304498
T,96,0.7305061559507524,0.7017082785808147,0.7158176943699731
TAS,96,0.5710754017305315,0.5467455621301776,0.558645707376058
