,epoch,p,r,f1
AS,37,0.7784172661870503,0.7203728362183754,0.7482710926694329
TS,71,0.7004716981132075,0.7191283292978208,0.7096774193548386
TA,98,0.6960893854748603,0.727803738317757,0.7115933752141632
A,51,0.8565340909090909,0.8115746971736204,0.8334485141672425
T,98,0.7742316784869976,0.808641975308642,0.7910628019323671
TAS,80,0.6357388316151202,0.6461001164144354,0.640877598152425
