,epoch,p,r,f1
AS,42,0.6933333333333334,0.5272496831432193,0.5989920806335494
TS,48,0.6246105919003115,0.5127877237851662,0.5632022471910112
TA,48,0.6008836524300442,0.4845605700712589,0.5364891518737673
A,50,0.7695852534562212,0.6464516129032258,0.7026647966339412
T,50,0.6718092566619915,0.6294349540078844,0.649932157394844
TAS,48,0.527536231884058,0.4307692307692308,0.4742671009771987
