,epoch,p,r,f1
AS,62,0.6402048655569782,0.6337135614702155,0.6369426751592356
TS,96,0.5832290362953693,0.5959079283887468,0.5895003162555345
TA,96,0.5702280912364946,0.5641330166270784,0.5671641791044777
A,96,0.7779369627507163,0.7006451612903226,0.7372708757637474
T,96,0.6968503937007874,0.6977660972404731,0.6973079448456992
TAS,69,0.514575411913815,0.4804733727810651,0.4969400244798041
