,epoch,p,r,f1
AS,76,0.7454545454545455,0.623574144486692,0.6790890269151139
TS,92,0.6435374149659864,0.6048593350383632,0.6235992089650627
TA,99,0.6436170212765957,0.5748218527315915,0.6072772898368883
A,83,0.7883008356545961,0.7303225806451613,0.7582049564634964
T,99,0.7335203366058906,0.6872536136662286,0.7096336499321573
TAS,92,0.5859375,0.5325443786982249,0.5579665220086795
