,epoch,p,r,f1
AS,72,0.7201166180758017,0.6261089987325729,0.6698305084745763
TS,86,0.5960099750623441,0.6112531969309463,0.6035353535353535
TA,87,0.6368563685636857,0.5581947743467933,0.5949367088607596
A,83,0.8084179970972424,0.7187096774193549,0.7609289617486339
T,90,0.7103825136612022,0.683311432325887,0.696584058941728
TAS,87,0.5580774365821095,0.49467455621301776,0.5244667503136763
