,epoch,p,r,f1
AS,93,0.7247557003257329,0.5640050697084917,0.6343549536707056
TS,87,0.6139154160982264,0.5754475703324808,0.5940594059405939
TA,61,0.5631641086186541,0.5665083135391924,0.5648312611012434
A,75,0.8070987654320988,0.6748387096774193,0.7350667603654251
T,61,0.6764705882352942,0.695137976346912,0.6856772521062865
TAS,99,0.5298804780876494,0.47218934911242605,0.49937421777221525
