,epoch,p,r,f1
AS,84,0.73,0.6476552598225602,0.6863666890530558
TS,96,0.6616438356164384,0.6176470588235294,0.6388888888888888
TA,84,0.625,0.5819477434679335,0.6027060270602707
A,84,0.8181818181818182,0.7083870967741935,0.7593360995850622
T,85,0.7242302543507363,0.7109067017082786,0.7175066312997347
TAS,84,0.5609452736318408,0.5337278106508876,0.5469981807155853
