,epoch,p,r,f1
AS,60,0.767203513909224,0.6977363515312917,0.7308228730822873
TS,71,0.6876543209876543,0.6743341404358354,0.6809290953545233
TA,93,0.6778290993071594,0.6857476635514018,0.6817653890824622
A,83,0.8209366391184573,0.8021534320323015,0.8114363512593601
T,93,0.7594627594627594,0.7679012345679013,0.76365868631062
TAS,48,0.6359102244389028,0.5937136204889406,0.6140878988561108
