,epoch,p,r,f1
AS,94,0.7474302496328928,0.6451204055766794,0.6925170068027211
TS,69,0.6649145860709592,0.6470588235294118,0.6558651976668828
TA,90,0.6857541899441341,0.5831353919239906,0.6302952503209244
A,90,0.856,0.6903225806451613,0.7642857142857142
T,60,0.7393048128342246,0.7266754270696452,0.732935719019218
TAS,90,0.6165311653116531,0.5384615384615384,0.574857864813645
