,epoch,p,r,f1
AS,50,0.7393162393162394,0.6577946768060836,0.6961770623742455
TS,35,0.6515723270440251,0.6624040920716112,0.6569435637285986
TA,100,0.6325757575757576,0.5950118764845606,0.613219094247246
A,50,0.8303030303030303,0.7070967741935484,0.7637630662020906
T,35,0.7496671105193076,0.7398160315374507,0.7447089947089947
TAS,50,0.5780274656679151,0.5479289940828402,0.5625759416767923
