,epoch,p,r,f1
AS,75,0.6800554016620498,0.6223067173637515,0.6499007279947056
TS,75,0.6030729833546735,0.6023017902813299,0.6026871401151631
TA,96,0.614321608040201,0.5807600950118765,0.5970695970695971
A,75,0.8053892215568862,0.6941935483870968,0.7456687456687456
T,86,0.7142857142857143,0.7030223390275953,0.7086092715231788
TAS,95,0.5517241379310345,0.49230769230769234,0.5203252032520326
