,epoch,p,r,f1
AS,86,0.7611111111111111,0.729693741677763,0.7450713800135962
TS,59,0.7144592952612394,0.711864406779661,0.7131594906003638
TA,59,0.6992924528301887,0.6927570093457944,0.6960093896713615
A,90,0.8454935622317596,0.7954239569313594,0.8196948682385574
T,59,0.786783042394015,0.7790123456790123,0.78287841191067
TAS,86,0.6474056603773585,0.6391152502910361,0.6432337434094904
