,epoch,p,r,f1
AS,46,0.6800595238095238,0.5792141951837769,0.6255989048596852
TS,49,0.5851472471190781,0.5843989769820972,0.5847728726807421
TA,99,0.6294349540078844,0.5688836104513064,0.5976294447910169
A,85,0.7694483734087695,0.7019354838709677,0.7341430499325237
T,99,0.7338935574229691,0.6885676741130092,0.7105084745762711
TAS,99,0.5262483994878361,0.4863905325443787,0.5055350553505534
