,epoch,p,r,f1
AS,17,0.748159057437408,0.6438529784537389,0.6920980926430518
TS,73,0.6361290322580645,0.6304347826086957,0.6332691072575465
TA,88,0.6306748466257669,0.6104513064133017,0.6203983101991553
A,99,0.8108108108108109,0.7354838709677419,0.7713125845737483
T,46,0.6914016489988222,0.771353482260184,0.7291925465838509
TAS,88,0.5641646489104116,0.5514792899408284,0.5577498503889886
