,epoch,p,r,f1
AS,92,0.7031019202363368,0.6032953105196451,0.6493860845839018
TS,92,0.6341463414634146,0.59846547314578,0.6157894736842106
TA,92,0.6344370860927152,0.5688836104513064,0.5998747651847213
A,77,0.7784011220196353,0.7161290322580646,0.7459677419354838
T,92,0.7304964539007093,0.6767411300919842,0.7025920873124147
TAS,92,0.5544174135723432,0.5124260355029586,0.5325953259532595
