,epoch,p,r,f1
AS,82,0.7350427350427351,0.6870838881491345,0.7102546455609084
TS,95,0.6631578947368421,0.6864406779661016,0.6745984533016062
TA,99,0.6678445229681979,0.6623831775700935,0.6651026392961877
A,96,0.827536231884058,0.7685060565275909,0.7969295184926727
T,95,0.7415458937198067,0.7580246913580246,0.7496947496947496
TAS,81,0.6203931203931204,0.5878928987194412,0.603705917513449
