,epoch,p,r,f1
AS,91,0.7566063977746871,0.7243675099866844,0.7401360544217687
TS,80,0.7106842737094838,0.7167070217917676,0.7136829415310428
TA,100,0.7076023391812866,0.7067757009345794,0.7071887784921099
A,90,0.8263229308005428,0.819650067294751,0.822972972972973
T,100,0.7925465838509317,0.7876543209876543,0.790092879256966
TAS,92,0.6351197263397947,0.6484284051222352,0.641705069124424
