,epoch,p,r,f1
AS,98,0.7529021558872305,0.5754119138149556,0.6522988505747127
TS,84,0.5918367346938775,0.5933503836317136,0.5925925925925926
TA,85,0.582716049382716,0.5605700712589073,0.5714285714285714
A,85,0.8038922155688623,0.6929032258064516,0.7442827442827442
T,84,0.6897001303780965,0.695137976346912,0.6924083769633508
TAS,98,0.5689655172413793,0.4686390532544379,0.5139519792342635
