,epoch,p,r,f1
AS,64,0.636615811373093,0.5817490494296578,0.6079470198675497
TS,21,0.5920529801324503,0.571611253196931,0.5816525699414443
TA,64,0.5807692307692308,0.5380047505938242,0.5585696670776819
A,48,0.775,0.64,0.7010600706713781
T,93,0.6767295597484276,0.7069645203679369,0.6915167095115681
TAS,64,0.5,0.4757396449704142,0.48756822316555487
