,epoch,p,r,f1
AS,47,0.5927536231884057,0.5183776932826363,0.553076402974983
TS,47,0.5394021739130435,0.5076726342710998,0.5230566534914362
TA,48,0.6210873146622735,0.4477434679334917,0.5203588681849551
A,47,0.7198748043818466,0.5935483870967742,0.6506364922206506
T,46,0.6632503660322109,0.59526938239159,0.6274238227146814
TAS,48,0.5085536547433903,0.38698224852071006,0.43951612903225806
