,epoch,p,r,f1
AS,67,0.6910197869101978,0.5754119138149556,0.627939142461964
TS,61,0.5874384236453202,0.6099744245524297,0.5984943538268508
TA,64,0.5932835820895522,0.5665083135391924,0.5795868772782502
A,70,0.7600574712643678,0.6825806451612904,0.7192386131883074
T,62,0.7156208277703605,0.7043363994743759,0.7099337748344372
TAS,67,0.5482993197278911,0.47692307692307695,0.510126582278481
