,epoch,p,r,f1
AS,58,0.7286624203821656,0.7616511318242344,0.7447916666666667
TS,58,0.6774193548387096,0.711864406779661,0.6942148760330579
TA,58,0.6559734513274337,0.6927570093457944,0.6738636363636363
A,60,0.8272108843537415,0.8183041722745625,0.8227334235453315
T,87,0.7402135231316725,0.7703703703703704,0.7549909255898366
TAS,58,0.6076086956521739,0.6507566938300349,0.6284429454749859
