,epoch,p,r,f1
AS,62,0.7526315789473684,0.7616511318242344,0.757114493712773
TS,62,0.7338129496402878,0.7409200968523002,0.7373493975903613
TA,62,0.711825487944891,0.7242990654205608,0.7180081065431385
A,100,0.8148631029986962,0.8411843876177658,0.8278145695364237
T,124,0.8140703517587939,0.8,0.8069738480697385
TAS,62,0.6542372881355932,0.6740395809080326,0.6639908256880734
