,epoch,p,r,f1
AS,64,0.6793557833089312,0.5880861850443599,0.6304347826086957
TS,84,0.6428571428571429,0.5869565217391305,0.6136363636363638
TA,64,0.6197368421052631,0.5593824228028503,0.5880149812734082
A,64,0.7878787878787878,0.6709677419354839,0.7247386759581882
T,94,0.7094240837696335,0.7122207621550591,0.7108196721311475
TAS,84,0.5495978552278821,0.48520710059171596,0.5153991200502829
