,epoch,p,r,f1
AS,70,0.691771269177127,0.6286438529784537,0.6586985391766268
TS,100,0.5903771131339401,0.5805626598465473,0.5854287556415216
TA,93,0.6212534059945504,0.5415676959619953,0.5786802030456853
A,70,0.8119402985074626,0.7019354838709677,0.7529411764705882
T,100,0.6958277254374159,0.6793692509855453,0.6875
TAS,93,0.5403225806451613,0.4757396449704142,0.5059786028949026
