,epoch,p,r,f1
AS,92,0.7381656804733728,0.632446134347275,0.6812286689419795
TS,99,0.6238532110091743,0.6086956521739131,0.6161812297734628
TA,85,0.65,0.5558194774346793,0.5992317541613317
A,92,0.8414442700156985,0.6916129032258065,0.7592067988668555
T,99,0.7150610583446404,0.6925098554533509,0.7036048064085447
TAS,92,0.5680628272251309,0.5136094674556213,0.5394655065257924
