,epoch,p,r,f1
AS,88,0.7218934911242604,0.6185044359949303,0.6662116040955632
TS,85,0.6300268096514745,0.6010230179028133,0.6151832460732984
TA,62,0.6398362892223738,0.5570071258907363,0.5955555555555555
A,65,0.8446601941747572,0.6735483870967742,0.7494615936826993
T,93,0.7180555555555556,0.6793692509855453,0.6981769074949358
TAS,88,0.5620915032679739,0.5088757396449705,0.5341614906832297
