,epoch,p,r,f1
AS,33,0.734375,0.7509986684420772,0.7425938117182357
TS,84,0.7151370679380215,0.7263922518159807,0.7207207207207208
TA,86,0.6940639269406392,0.7102803738317757,0.7020785219399537
A,85,0.8265027322404371,0.8142664872139973,0.8203389830508475
T,86,0.7808716707021792,0.7962962962962963,0.7885085574572127
TAS,84,0.6461187214611872,0.6589057043073341,0.652449567723343
