,epoch,p,r,f1
AS,63,0.7354196301564723,0.6552598225602028,0.693029490616622
TS,40,0.6373056994818653,0.629156010230179,0.6332046332046332
TA,89,0.6307106598984772,0.5902612826603325,0.6098159509202454
A,52,0.8134863701578192,0.7316129032258064,0.7703804347826086
T,87,0.6992753623188406,0.7608409986859396,0.7287602265575834
TAS,88,0.5732323232323232,0.5372781065088758,0.5546731826511911
