,epoch,p,r,f1
AS,62,0.7892441860465116,0.7230359520639148,0.7546907574704657
TS,62,0.7290076335877863,0.6937046004842615,0.7109181141439207
TA,77,0.7136038186157518,0.6985981308411215,0.706021251475797
A,64,0.8528995756718529,0.8115746971736204,0.8317241379310345
T,85,0.7828220858895706,0.7876543209876543,0.7852307692307692
TAS,62,0.6670716889428918,0.6391152502910361,0.652794292508918
