,epoch,p,r,f1
AS,84,0.7575757575757576,0.6990679094540613,0.7271468144044321
TS,77,0.6697566628041715,0.6997578692493946,0.684428656009473
TA,100,0.6991260923845194,0.6542056074766355,0.675920337960169
A,95,0.8241758241758241,0.8075370121130552,0.8157715839564922
T,88,0.7383177570093458,0.7802469135802469,0.7587034813925569
TAS,83,0.62,0.6135040745052387,0.6167349327091866
