,epoch,p,r,f1
AS,66,0.7520215633423181,0.7430093209054593,0.7474882786336234
TS,71,0.6815068493150684,0.7227602905569007,0.7015276145710929
TA,99,0.6903376018626309,0.6927570093457944,0.691545189504373
A,35,0.8194993412384717,0.8371467025572006,0.8282290279627165
T,86,0.7582159624413145,0.7975308641975308,0.7773766546329721
TAS,66,0.6285714285714286,0.640279394644936,0.6343713956170705
